Report Date,Revenue,Cost of Revenue,Gross Profit,Operating Expenses,"Selling, General & Administrative",Research & Development,Depreciation & Amortization,Operating Income (Loss),Non-Operating Income (Loss),"Interest Expense, Net","Pretax Income (Loss), Adj.",Abnormal Gains (Losses),Pretax Income (Loss),"Income Tax (Expense) Benefit, Net",Income (Loss) from Continuing Operations,Net Extraordinary Gains (Losses),Net Income,Net Income (Common),"Cash, Cash Equivalents & Short Term Investments",Accounts & Notes Receivable,Inventories,Total Current Assets,"Property, Plant & Equipment, Net",Long Term Investments & Receivables,Other Long Term Assets,Total Noncurrent Assets,Total Assets,Payables & Accruals,Short Term Debt,Total Current Liabilities,Long Term Debt,Total Noncurrent Liabilities,Total Liabilities,Share Capital & Additional Paid-In Capital,Treasury Stock,Retained Earnings,Total Equity,Total Liabilities & Equity,Net Income/Starting Line,Depreciation & Amortization,Non-Cash Items,Change in Working Capital,Change in Accounts Receivable,Change in Inventories,Change in Accounts Payable,Change in Other,Net Cash from Operating Activities,Change in Fixed Assets & Intangibles,Net Change in Long Term Investment,Net Cash from Acquisitions & Divestitures,Net Cash from Investing Activities,Dividends Paid,Cash from (Repayment of) Debt,Cash from (Repurchase of) Equity,Net Cash from Financing Activities,Net Change in Cash,Price Date,Open,High,Low,Close,Adj Close,Volume
2010-06-30,296094000.0,-162582000.0,133512000.0,-83079000.0,-83079000.0,,,50433000.0,-38605000.0,-37124000.0,11828000,-11660000.0,168000,-2442000.0,-2274000,,-2274000,-2274000,717453000.0,106255000.0,,888235000.0,2400809000.0,4497000.0,988667000.0,3393973000.0,4282208000,224075000.0,29963000.0,299569000.0,2029425000.0,2232442000.0,2532011000,2288862000.0,,-374055000.0,1750197000.0,4282208000,-2274000.0,62750000.0,32306000.0,-35876000.0,-25671000.0,,3174000.0,-13379000.0,56906000.0,-148705000.0,-194942000.0,-113289000.0,-327455000.0,,-255577000.0,11270000.0,-252233000.0,-527960000,2010-06-30,79.48999786376953,82.55000305175781,79.16999816894531,81.22000122070312,65.67635345458984,888000.0
2010-09-30,330347000.0,-185476000.0,144871000.0,-89845000.0,-89845000.0,,,55026000.0,-36399000.0,-38053000.0,18627000,-2794000.0,15833000,-4637000.0,11196000,,11196000,11196000,712128000.0,115616000.0,,891811000.0,2582890000.0,3223000.0,1002967000.0,3589080000.0,4480891000,231103000.0,30104000.0,311025000.0,2101451000.0,2315893000.0,2626918000,2320153000.0,,-362859000.0,1853973000.0,4480891000,11196000.0,73298000.0,28077000.0,692000.0,-6729000.0,,-3013000.0,10434000.0,113263000.0,-143941000.0,-314919000.0,0.0,-259495000.0,,4091000.0,14026000.0,18112000.0,-122193000,2010-09-30,103.5,104.43000030517578,100.98999786376952,102.3499984741211,82.7625503540039,515700.0
2010-12-31,321124000.0,-171048000.0,150076000.0,-95836000.0,-95836000.0,,,54240000.0,-38115000.0,-38614000.0,16125000,-6227000.0,9898000,3194000.0,13092000,668000.0,13760000,13760000,590033000.0,116358000.0,,778048000.0,2650953000.0,2806000.0,1016202000.0,3669961000.0,4448009000,237521000.0,27966000.0,318115000.0,2020619000.0,2249379000.0,2567494000,2341632000.0,,-349099000.0,1880515000.0,4448009000,13760000.0,75439000.0,34408000.0,-716000.0,-1400000.0,,19128000.0,-18444000.0,122891000.0,-143351000.0,-144953000.0,0.0,17538000.0,,-85179000.0,3638000.0,-85989000.0,53692000,2010-12-31,81.97000122070312,82.19999694824219,80.7699966430664,81.26000213623047,65.70870208740234,444900.0
2011-03-31,363029000.0,-194576000.0,168453000.0,-96237000.0,-96237000.0,,,72216000.0,-35035000.0,-37146000.0,37181000,-911000.0,36270000,-11125000.0,25145000,,25145000,25145000,454506000.0,114207000.0,,694990000.0,2881126000.0,2145000.0,1074252000.0,3957523000.0,4652513000,259115000.0,28585000.0,343274000.0,2095855000.0,2321842000.0,2665116000,2372707000.0,,-323954000.0,1987397000.0,4652513000,25145000.0,78335000.0,26068000.0,-11778000.0,3099000.0,,-13606000.0,-1271000.0,117770000.0,-175115000.0,-149963000.0,,-286389000.0,,10583000.0,15668000.0,26126000.0,-138375000,2011-03-31,90.9000015258789,91.13999938964844,89.5999984741211,91.0999984741211,73.66554260253906,745600.0
2011-06-30,394900000.0,-215572000.0,179328000.0,-102744000.0,-102744000.0,,,76584000.0,-36024000.0,-37045000.0,40560000,-1718000.0,38842000,-8109000.0,30733000,,30730000,30730000,392118000.0,140316000.0,,649088000.0,3085202000.0,30960000.0,1203941000.0,4320103000.0,4969191000,280391000.0,281054000.0,620451000.0,1976807000.0,2215491000.0,2835942000,2399102000.0,,-293224000.0,2133249000.0,4969191000,30733000.0,85222000.0,31024000.0,-6631000.0,-19409000.0,,4082000.0,8696000.0,140348000.0,-188875000.0,-125401000.0,-41954000.0,-209737000.0,,52909000.0,8929000.0,61838000.0,-6594000,2011-06-30,100.68000030517578,101.58999633789062,100.01000213623048,101.0199966430664,81.68708801269531,492900.0
2011-09-30,408208000.0,-219724000.0,188484000.0,-108757000.0,-108757000.0,,,79727000.0,-52129000.0,-50435000.0,27598000,-2286000.0,25312000,-5137000.0,20175000,464000.0,20319000,20319000,1070769000.0,144185000.0,,1330298000.0,3122094000.0,99419000.0,1178876000.0,4400389000.0,5730687000,271274000.0,329195000.0,656156000.0,2730352000.0,2983652000.0,3639808000,2417828000.0,,-272905000.0,2090879000.0,5730687000,20639000.0,90746000.0,30985000.0,-500000.0,-9989000.0,,32000.0,9457000.0,141870000.0,-131525000.0,-752491000.0,0.0,-808693000.0,,748466000.0,11107000.0,744147000.0,72651000,2011-09-30,86.69999694824219,90.20999908447266,86.06999969482422,88.83000183105469,71.82997131347656,1176000.0
2011-12-31,399488000.0,-199152000.0,200336000.0,-116163000.0,-116163000.0,,,84173000.0,-53014000.0,-54397000.0,31159000,-1863000.0,29296000,-12976000.0,16320000,545000.0,18582000,18582000,914544000.0,139057000.0,,1235757000.0,3225912000.0,161801000.0,1161854000.0,4549567000.0,5785324000,322267000.0,345297000.0,725254000.0,2753833000.0,3040257000.0,3765511000,2437671000.0,-86666000.0,-255095000.0,2019813000.0,5785324000,16865000.0,93371000.0,33880000.0,43216000.0,3238000.0,,49209000.0,-9231000.0,187332000.0,-189871000.0,-240719000.0,0.0,-194336000.0,,123000.0,-83477000.0,-83383000.0,-91700000,2011-12-30,101.47000122070312,102.5199966430664,101.16000366210938,101.4000015258789,81.9943618774414,257600.0
2012-03-31,443245000.0,-217098000.0,226147000.0,-124726000.0,-124726000.0,,,101421000.0,-52281000.0,-52127000.0,49140000,-675000.0,48465000,-13853000.0,34612000,199000.0,34523000,34523000,916854000.0,158561000.0,,1174023000.0,3387369000.0,166437000.0,1156516000.0,4710322000.0,5884345000,319766000.0,336796000.0,718083000.0,2745652000.0,3036712000.0,3754795000,2490449000.0,-99031000.0,-220572000.0,2129550000.0,5884345000,34811000.0,92804000.0,31185000.0,-32807000.0,-19677000.0,,-40535000.0,27405000.0,125993000.0,-145490000.0,-97383000.0,,269433000.0,,-61046000.0,17096000.0,-43950000.0,354121000,2012-03-30,156.10000610351562,159.5,153.1999969482422,157.4499969482422,127.31768035888672,1839000.0
2012-06-30,457249000.0,-225289000.0,231960000.0,-128198000.0,-128198000.0,,,103762000.0,-47668000.0,-45824000.0,56094000,-1666000.0,54428000,-17138000.0,37290000,350000.0,36447000,36447000,769561000.0,169812000.0,,1009592000.0,3525839000.0,53460000.0,1135797000.0,4715096000.0,5724688000,344692000.0,85769000.0,491159000.0,2807704000.0,3090054000.0,3581213000,2444689000.0,-37166000.0,-184125000.0,2143475000.0,5724688000,37640000.0,95562000.0,27817000.0,33763000.0,-14864000.0,,30648000.0,17979000.0,194782000.0,-196484000.0,-68435000.0,,93880000.0,,-263209000.0,6013000.0,-264716000.0,21152000,2012-06-29,171.92999267578125,177.27999877929688,171.08999633789062,175.64999389648438,142.03457641601562,1090800.0
2012-09-30,484835000.0,-250946000.0,233889000.0,-136501000.0,-136501000.0,,,97388000.0,-48646000.0,-49153000.0,48742000,-9746000.0,38996000,-12348000.0,26648000,679000.0,26965000,26965000,404474000.0,181973000.0,,725186000.0,3791063000.0,115362000.0,1359359000.0,5265784000.0,5990970000,385737000.0,64185000.0,612459000.0,2892344000.0,3066671000.0,3679130000,2539284000.0,-36706000.0,-155287000.0,2311840000.0,5990970000,24082000.0,106732000.0,-16928000.0,-6327000.0,-12359000.0,,17222000.0,-11190000.0,107559000.0,-212118000.0,-200116000.0,-278441000.0,-602266000.0,,8104000.0,13666000.0,73697000.0,-414409000,2012-09-28,203.47999572753903,207.66000366210938,203.17999267578125,206.0500030517578,166.61671447753906,897200.0
2012-12-31,502047000.0,-251284000.0,250763000.0,-141755000.0,-141755000.0,,,109008000.0,-50475000.0,-49758000.0,58533000,-11800000.0,46733000,-15225000.0,31508000,11858000.0,42093000,42093000,418705000.0,163840000.0,,640092000.0,3915738000.0,127819000.0,1452148000.0,5495705000.0,6135797000,332362000.0,67366000.0,549072000.0,2943381000.0,3189106000.0,3738178000,2582287000.0,-36676000.0,-131128000.0,2397619000.0,6135797000,46611000.0,103481000.0,6085000.0,47515000.0,20299000.0,,26203000.0,1013000.0,203692000.0,-133950000.0,-76936000.0,-31051000.0,-203920000.0,,-12754000.0,5998000.0,12248000.0,12526000,2012-12-31,204.52999877929688,208.91000366210938,202.22000122070312,206.1999969482422,166.73802185058594,800600.0
2013-03-31,516134000.0,-258591000.0,257543000.0,-149094000.0,-149094000.0,,,108449000.0,-60043000.0,-59584000.0,48406000,-3662000.0,44744000,-11460000.0,33284000,,32843000,32843000,918308000.0,185163000.0,,2005857000.0,3890190000.0,293751000.0,1423135000.0,5607076000.0,7612933000,313038000.0,813654000.0,1265710000.0,3710105000.0,3908071000.0,5173781000,2627384000.0,-36309000.0,-74547000.0,2439152000.0,7612933000,33284000.0,107140000.0,15147000.0,-71390000.0,-24663000.0,,-27996000.0,-18731000.0,84181000.0,-75667000.0,-296513000.0,,-1142540000.0,,1482432000.0,14368000.0,1496760000.0,432806000,2013-03-28,212.75,216.5,210.3999938964844,216.30999755859372,174.9132080078125,462300.0
2013-06-30,528871000.0,-267109000.0,261762000.0,-148110000.0,-148110000.0,,,113652000.0,-57316000.0,-60084000.0,56336000,-91291000.0,-34955000,9668000.0,-25287000,,-25816000,-25816000,840956000.0,201336000.0,,1097609000.0,4103344000.0,375971000.0,1500925000.0,5980240000.0,7077849000,359042000.0,125622000.0,607535000.0,3816057000.0,4061825000.0,4669360000,2651446000.0,-36284000.0,-103205000.0,2408489000.0,7077849000,-25287000.0,109120000.0,120430000.0,-57104000.0,-19098000.0,,28392000.0,-66398000.0,147159000.0,-122863000.0,-327291000.0,,537547000.0,,-772296000.0,1512000.0,-850034000.0,-167523000,2013-06-28,186.27999877929688,186.38999938964844,182.4499969482422,184.72000122070312,149.36878967285156,1348700.0
2013-09-30,543084000.0,-268960000.0,274124000.0,-158493000.0,-158493000.0,,,115631000.0,-60043000.0,-61028000.0,55588000,-438000.0,55150000,-12397000.0,42753000,,42471000,42471000,745780000.0,199644000.0,,1004774000.0,4381020000.0,442195000.0,1561055000.0,6384270000.0,7389044000,390603000.0,57164000.0,582225000.0,3989412000.0,4252764000.0,4834989000,2692260000.0,-35903000.0,-81630000.0,2554055000.0,7389044000,42753000.0,109836000.0,28587000.0,25386000.0,3469000.0,,17003000.0,4914000.0,206562000.0,-171035000.0,-190618000.0,-598000.0,-330958000.0,,-12932000.0,12202000.0,-1178000.0,-117754000,2013-09-30,181.83999633789062,184.55999755859372,179.72999572753906,183.6499938964844,148.5035858154297,745200.0
2013-12-31,564677000.0,-269743000.0,294934000.0,-165716000.0,-165716000.0,,,129218000.0,-62750000.0,-64709000.0,66468000,-19128000.0,47340000,-1967000.0,45373000,,45187000,45187000,631702000.0,184840000.0,,888660000.0,4591650000.0,398390000.0,1613659000.0,6603699000.0,7492359000,327824000.0,70722000.0,546504000.0,4087934000.0,4362889000.0,4909393000,2693937000.0,-84663000.0,-36443000.0,2582966000.0,7492359000,45373000.0,106375000.0,56340000.0,-41382000.0,12336000.0,,-10157000.0,-43561000.0,166706000.0,-202841000.0,-154549000.0,-48739000.0,-233362000.0,0.0,-11799000.0,-44989000.0,-70641000.0,-137848000,2013-12-31,173.0800018310547,177.50999450683594,173.00999450683594,177.4499969482422,143.49012756347656,644500.0
2014-03-31,580053000.0,-287525000.0,292528000.0,-170731000.0,-170731000.0,,,121797000.0,-66708000.0,-67386000.0,55089000,-185000.0,54904000,-13567000.0,41337000,,41387000,41387000,817548000.0,213560000.0,,1086018000.0,4766297000.0,224176000.0,1654107000.0,6644580000.0,7730598000,373811000.0,72002000.0,595156000.0,4207369000.0,4491477000.0,5086633000,2743295000.0,-131408000.0,4944000.0,2643965000.0,7730598000,41337000.0,113928000.0,26346000.0,-9893000.0,-28995000.0,,8830000.0,10272000.0,171718000.0,-105907000.0,-93423000.0,,98885000.0,,-14567000.0,-32733000.0,-37282000.0,233280000,2014-03-31,185.0,185.5200042724609,183.1499938964844,184.83999633789062,149.46583557128906,699500.0
2014-06-30,605161000.0,-292859000.0,312302000.0,-186929000.0,-186929000.0,,,125373000.0,-65449000.0,-66130000.0,59924000,-51859000.0,8065000,2014000.0,10079000,,11328000,11328000,615659000.0,237831000.0,,954534000.0,4924162000.0,88690000.0,1672225000.0,6685077000.0,7639611000,343917000.0,72847000.0,563315000.0,3863328000.0,4166081000.0,4729396000,2797239000.0,-52938000.0,16272000.0,2910215000.0,7639611000,10079000.0,115647000.0,95998000.0,-122760000.0,-24510000.0,,-23002000.0,-75248000.0,98964000.0,-159816000.0,-21799000.0,,91503000.0,,-51161000.0,-206829000.0,-278928000.0,-86840000,2014-06-30,210.0800018310547,211.27999877929688,208.8800048828125,210.08999633789062,169.88356018066406,662600.0
2014-09-30,620441000.0,-304052000.0,316389000.0,-181539000.0,-181539000.0,,,134850000.0,-61589000.0,-63400000.0,73261000,281000.0,73542000,-30581000.0,42961000,,42841000,42841000,485040000.0,275264000.0,,857711000.0,4983376000.0,16075000.0,1604838000.0,6604289000.0,7462000000,442625000.0,77899000.0,668200000.0,3905756000.0,4196120000.0,4864320000,2870806000.0,-94759000.0,59113000.0,2597680000.0,7462000000,42961000.0,120152000.0,32705000.0,20623000.0,-50889000.0,,41282000.0,30230000.0,216441000.0,-156003000.0,-21294000.0,,-6316000.0,,-5575000.0,-30213000.0,-256239000.0,-54153000,2014-09-30,211.83999633789062,213.5399932861328,210.3600006103516,212.47999572753903,171.81617736816406,593700.0
2014-12-31,638121000.0,-313449000.0,324672000.0,-194920000.0,-194920000.0,,,129752000.0,-73797000.0,-70746000.0,55955000,-107733000.0,-51778000,-303325000.0,-355103000,0.0,-355103000,-355103000,1140312000.0,262570000.0,,1490943000.0,4998270000.0,439000.0,1292326000.0,6291035000.0,7781978000,400265000.0,80828000.0,643757000.0,4563126000.0,4868090000.0,5511847000,3334362000.0,-11411000.0,-295990000.0,2270131000.0,7781978000,-355103000.0,131964000.0,146021000.0,279415000.0,2428000.0,,-16429000.0,293416000.0,202297000.0,-238477000.0,-409481000.0,0.0,-619911000.0,-83266000.0,879113000.0,1137000.0,679850000.0,256736000,2014-12-31,229.6000061035156,230.0,225.75999450683597,226.72999572753903,190.53424072265625,351000.0
2015-03-31,643174000.0,-298313000.0,344861000.0,-192256000.0,-192256000.0,,,152605000.0,-68785000.0,-68271000.0,83820000,-1156000.0,82664000,-6212000.0,76452000,0.0,76452000,76452000,1059052000.0,277900000.0,,1439544000.0,4990883000.0,10691000.0,1286576000.0,6288150000.0,7727694000,445601000.0,78758000.0,666355000.0,4587892000.0,4899610000.0,5565965000,3383136000.0,-10687000.0,-219538000.0,2161729000.0,7727694000,76452000.0,121636000.0,39443000.0,-4720000.0,-30791000.0,,29693000.0,-3622000.0,232811000.0,-150120000.0,-18446000.0,-10247000.0,-199834000.0,-96619000.0,-18657000.0,16384000.0,-98794000.0,-74208000,2015-03-31,232.7400054931641,236.5399932861328,231.4600067138672,232.8500061035156,197.0914459228516,913200.0
2015-06-30,665582000.0,-315757000.0,349825000.0,-200826000.0,-200826000.0,,,148999000.0,-72189000.0,-73575000.0,76810000,-9866000.0,66944000,-7485000.0,59459000,0.0,59459000,59459000,431530000.0,293855000.0,,1330118000.0,5184800000.0,4039000.0,1307061000.0,6495900000.0,7826018000,443747000.0,235653000.0,817732000.0,4474377000.0,4805696000.0,5623428000,3418280000.0,-10646000.0,-160079000.0,2202590000.0,7826018000,59459000.0,127376000.0,43644000.0,-18016000.0,-10991000.0,,19600000.0,-26625000.0,212463000.0,-221342000.0,-305846000.0,0.0,-298542000.0,-96349000.0,-23610000.0,181000.0,-119562000.0,-200576000,2015-06-30,251.58999633789062,255.1699981689453,249.9600067138672,254.0,216.35671997070312,699600.0
2015-09-30,686649000.0,-325468000.0,361181000.0,-206946000.0,-206946000.0,,,154235000.0,-88171000.0,-75335000.0,66064000,-13352000.0,52712000,-11580000.0,41132000,0.0,41132000,41132000,335469000.0,293125000.0,,1242023000.0,5218595000.0,4077000.0,1240971000.0,6463643000.0,7705666000,1112036000.0,233334000.0,1464114000.0,4403078000.0,4752899000.0,6217013000,3467200000.0,-9913000.0,-118947000.0,1488653000.0,7705666000,41132000.0,132403000.0,42394000.0,-1528000.0,-220000.0,,25926000.0,-27234000.0,214401000.0,-216046000.0,-14148000.0,0.0,-107555000.0,-98041000.0,-17393000.0,13290000.0,-101412000.0,-664000,2015-09-30,270.45001220703125,273.8900146484375,269.1300048828125,273.39999389648443,234.34130859375,802100.0
2015-12-31,730462000.0,-351968000.0,378494000.0,-225268000.0,-225268000.0,,,153226000.0,-126910000.0,-78293000.0,26316000,-17638000.0,8678000,2053000.0,10731000,0.0,10731000,10731000,2241713000.0,291964000.0,,3259280000.0,5606436000.0,4584000.0,1486395000.0,7097415000.0,10356695000,504055000.0,956478000.0,1656354000.0,5564542000.0,5954955000.0,7611309000,4838506000.0,-7373000.0,-108216000.0,2745386000.0,10356695000,10731000.0,144165000.0,44828000.0,35424000.0,-2581000.0,,33906000.0,4099000.0,235148000.0,-280612000.0,-20591000.0,-235256000.0,-31866000.0,-230452000.0,1612835000.0,829681000.0,2192920000.0,2365842000,2015-12-31,302.489990234375,304.3699951171875,299.6000061035156,302.3999938964844,271.13543701171875,404300.0
2016-03-31,844156000.0,-427680000.0,416476000.0,-272494000.0,-272494000.0,,,143982000.0,-160648000.0,-99938000.0,-16666000,-31294000.0,-47960000,10633000.0,-37327000,6216000.0,-31111000,-31111000,646111000.0,326440000.0,,2168341000.0,6888232000.0,3969000.0,4435293000.0,11327494000.0,13495835000,600027000.0,683672000.0,1580195000.0,6498119000.0,7096535000.0,8676730000,6973529000.0,-6635000.0,-139327000.0,4819105000.0,13495835000,-31111000.0,200534000.0,41381000.0,-105970000.0,-11312000.0,,-40217000.0,-54441000.0,104834000.0,-174875000.0,-10875000.0,-1601326000.0,-1789190000.0,-124836000.0,-268335000.0,16304000.0,-376932000.0,-2070789000,2016-03-31,327.5400085449219,331.79998779296875,326.9599914550781,330.7099914550781,298.2034912109375,819300.0
2016-06-30,900510000.0,-456967000.0,443543000.0,-276294000.0,-276294000.0,,,167249000.0,-97936000.0,-99491000.0,69313000,-16199000.0,53114000,-13812000.0,39302000,5409000.0,44711000,44711000,486488000.0,346994000.0,,2095429000.0,6958794000.0,7694000.0,4207128000.0,11173616000.0,13269045000,661600000.0,603942000.0,1559779000.0,6397283000.0,7003801000.0,8563580000,7307646000.0,-148246000.0,-94616000.0,4705465000.0,13269045000,44711000.0,212051000.0,53573000.0,-32071000.0,-31055000.0,,29592000.0,-30608000.0,278264000.0,-249867000.0,-5607000.0,0.0,-252813000.0,-121858000.0,-48861000.0,1335000.0,-169361000.0,-150881000,2016-06-30,387.0199890136719,387.92999267578125,383.1499938964844,387.7300109863281,351.40130615234375,525800.0
2016-09-30,924676000.0,-470302000.0,454374000.0,-292175000.0,-292175000.0,,,162199000.0,-88500000.0,-91438000.0,73699000,-2152000.0,71547000,-22778000.0,48769000,2681000.0,51450000,51450000,988358000.0,377528000.0,,1660484000.0,7251399000.0,15036000.0,4170638000.0,11437073000.0,13097557000,720285000.0,611105000.0,1495566000.0,6314205000.0,6978281000.0,8473847000,7371096000.0,-147617000.0,-43166000.0,4623710000.0,13097557000,51450000.0,214825000.0,36637000.0,32725000.0,-30440000.0,,-901000.0,64066000.0,335637000.0,525895000.0,-15254000.0,-165901000.0,357871000.0,-127457000.0,-59728000.0,16504000.0,-192571000.0,526784000,2016-09-30,360.2999877929688,363.4800109863281,357.32000732421875,360.25,328.0633239746094,611300.0
2016-12-31,942647000.0,-465921000.0,476726000.0,-292340000.0,-292340000.0,,,184386000.0,-99520000.0,-97813000.0,84866000,-1708000.0,83158000,-19494000.0,63664000,-1914000.0,61750000,61750000,751885000.0,396245000.0,,1467526000.0,7199210000.0,10042000.0,3931593000.0,11140845000.0,12608371000,726581000.0,168974000.0,1028695000.0,6590599000.0,7213847000.0,8242542000,7413591000.0,-147559000.0,18584000.0,4365829000.0,12608371000,61750000.0,209797000.0,56789000.0,-27718000.0,-27423000.0,,73091000.0,-73386000.0,300618000.0,-362936000.0,-10589000.0,621000.0,-361536000.0,-125312000.0,-32045000.0,36000.0,-158201000.0,-250294000,2016-12-30,358.1499938964844,358.3399963378906,353.4800109863281,357.4100036621094,327.2388610839844,500500.0
2017-03-31,949525000.0,-468961000.0,480564000.0,-310326000.0,-310326000.0,,,170238000.0,-108255000.0,-108592000.0,61983000,-6528000.0,55455000,-13393000.0,42062000,,42062000,42062000,4938001000.0,429990000.0,,5574017000.0,7605829000.0,6461000.0,3998377000.0,11610667000.0,17184684000,706135000.0,180001000.0,1020068000.0,9001368000.0,9646777000.0,10666845000,9601705000.0,-146936000.0,61769000.0,6517839000.0,17184684000,42062000.0,217006000.0,63793000.0,-75490000.0,-39664000.0,,-65414000.0,29588000.0,247371000.0,-229475000.0,-26256000.0,-36041000.0,-314359000.0,-148083000.0,2271694000.0,2146332000.0,4225246000.0,4169799000,2017-03-31,396.010009765625,403.6199951171875,395.4800109863281,400.3699951171875,368.5467529296875,969400.0
2017-06-30,1066421000.0,-522203000.0,544218000.0,-332921000.0,-332921000.0,,,211297000.0,-113321000.0,-114605000.0,97976000,-42846000.0,55130000,-9325000.0,45805000,,45805000,45805000,1068019000.0,545734000.0,,1849624000.0,8746595000.0,6389000.0,6871329000.0,15624313000.0,17473937000,804974000.0,145959000.0,1091435000.0,9143160000.0,9858839000.0,10950274000,9648895000.0,-146982000.0,107574000.0,6523663000.0,17473937000,45805000.0,254786000.0,67574000.0,-61692000.0,-112236000.0,,81585000.0,-31041000.0,306473000.0,-348572000.0,-1000.0,-3593613000.0,-3938723000.0,-156290000.0,-48659000.0,128000.0,-212897000.0,-3839820000,2017-06-30,424.0799865722656,431.2300109863281,423.55999755859375,429.1600036621094,396.9085693359375,528000.0
2017-09-30,1152261000.0,-582360000.0,569901000.0,-342955000.0,-342955000.0,,,226946000.0,-120613000.0,-119537000.0,106333000,-24239000.0,82094000,-2194000.0,79900000,,79900000,79900000,1629560000.0,597242000.0,,2443808000.0,9006171000.0,10885000.0,6847632000.0,15864688000.0,18308496000,862673000.0,144656000.0,1156624000.0,9880974000.0,10609655000.0,11766279000,9718659000.0,-146369000.0,187474000.0,6542217000.0,18308496000,79900000.0,278411000.0,70764000.0,-38565000.0,-50530000.0,,28781000.0,-16816000.0,390510000.0,-320234000.0,-31669000.0,1128000.0,-363748000.0,-159541000.0,662693000.0,21506000.0,496625000.0,532969000,2017-09-29,441.510009765625,447.1000061035156,439.6700134277344,446.2999877929688,414.6031799316406,402600.0
2017-12-31,1200221000.0,-619625000.0,580596000.0,-341428000.0,-341428000.0,,,239168000.0,-114221000.0,-122889000.0,124947000,-30794000.0,94153000,-28938000.0,65215000,0.0,65215000,65215000,1440788000.0,576313000.0,,2249128000.0,9394602000.0,9243000.0,7038484000.0,16442329000.0,18691457000,939624000.0,143196000.0,1242734000.0,9937223000.0,10598933000.0,11841667000,10121402000.0,-146320000.0,252689000.0,6849790000.0,18691457000,65215000.0,292277000.0,57974000.0,79413000.0,40656000.0,,29536000.0,9221000.0,494879000.0,-432677000.0,0.0,-334754000.0,-783996000.0,-157583000.0,-71419000.0,355151000.0,98886000.0,-185494000,2017-12-29,455.5499877929688,458.8599853515625,452.7699890136719,453.2200012207031,422.77838134765625,266200.0
2018-03-31,1215877000.0,-622430000.0,593447000.0,-362933000.0,-362933000.0,,,230514000.0,-124731000.0,-121667000.0,105783000,-26130000.0,79653000,-16759000.0,62894000,,62894000,62894000,2050841000.0,645468000.0,,2943484000.0,9696692000.0,12173000.0,7289579000.0,16998444000.0,19941928000,944425000.0,157085000.0,1246475000.0,10946746000.0,11554902000.0,12801377000,10193110000.0,-145695000.0,587483000.0,7140551000.0,19941928000,62894000.0,307568000.0,75911000.0,-145466000.0,-71275000.0,,-35143000.0,-39048000.0,300907000.0,-349729000.0,-29265000.0,0.0,-364926000.0,-186999000.0,867464000.0,25847000.0,674025000.0,617909000,2018-03-29,420.0899963378906,421.5899963378906,414.7999877929688,418.1400146484375,392.34564208984375,628800.0
2018-06-30,1261943000.0,-651801000.0,610142000.0,-364691000.0,-364691000.0,,,245451000.0,-121849000.0,-130715000.0,123602000,-49628000.0,73974000,-6356000.0,67618000,,67618000,67618000,984507000.0,616472000.0,,1850825000.0,10378915000.0,4200000.0,7836348000.0,18219463000.0,20070288000,979993000.0,311315000.0,1433620000.0,11078691000.0,11712141000.0,13145761000,10253235000.0,-145632000.0,655101000.0,6924527000.0,20070288000,67618000.0,307331000.0,76121000.0,87658000.0,32834000.0,,10818000.0,44006000.0,538728000.0,-520239000.0,-25156000.0,-830993000.0,-1365074000.0,-181760000.0,-32885000.0,7635000.0,-206282000.0,-1066371000,2018-06-29,428.5199890136719,432.4200134277344,421.8900146484375,429.8900146484375,405.7505187988281,547700.0
2018-09-30,1283751000.0,-660309000.0,623442000.0,-364822000.0,-364822000.0,,,258620000.0,-123910000.0,-127654000.0,134710000,8625000.0,143335000,-18510000.0,124825000,,124825000,124825000,885901000.0,662401000.0,,1806987000.0,10682826000.0,0.0,7798258000.0,18481084000.0,20288071000,1015431000.0,322064000.0,1461319000.0,11032519000.0,11666579000.0,13127898000,10593041000.0,-145216000.0,779926000.0,7160173000.0,20288071000,124825000.0,305726000.0,49553000.0,-62942000.0,-46685000.0,,29107000.0,-45364000.0,417162000.0,-533387000.0,-760000.0,1808000.0,-619957000.0,-185983000.0,768000.0,290494000.0,104064000.0,-103835000,2018-09-28,430.1499938964844,437.2300109863281,429.1099853515625,432.8900146484375,410.7184448242188,651400.0
2018-12-31,1310083000.0,-670935000.0,639148000.0,-367950000.0,-367950000.0,,,271198000.0,-122478000.0,-126976000.0,148720000,-12644000.0,136076000,-26054000.0,110022000,,110022000,110022000,610706000.0,630119000.0,,1515682000.0,11026020000.0,0.0,7702936000.0,18728956000.0,20244638000,936104000.0,451972000.0,1515071000.0,10880525000.0,11510288000.0,13025359000,10751394000.0,-145161000.0,889948000.0,7219279000.0,20244638000,110022000.0,306864000.0,65009000.0,76734000.0,32195000.0,,30713000.0,13826000.0,558629000.0,-863083000.0,75778000.0,-502000.0,-725571000.0,-183858000.0,18042000.0,64196000.0,-100895000.0,-270800000,2018-12-31,352.3500061035156,353.29998779296875,347.6099853515625,352.55999755859375,336.47271728515625,384400.0
2019-03-31,1363218000.0,-682030000.0,681188000.0,-384761000.0,-384761000.0,,,296427000.0,-118810000.0,-118644000.0,177617000,-17301000.0,160316000,-42569000.0,117747000,,118078000,118078000,1647677000.0,703835000.0,,2625771000.0,10898210000.0,,8967110000.0,19865320000.0,22491091000,1009912000.0,373284000.0,1685351000.0,10520368000.0,12380952000.0,14066303000,12043140000.0,-144801000.0,1002053000.0,8424788000.0,22491091000,117747000.0,313178000.0,76599000.0,-86383000.0,-84350000.0,,-11463000.0,9430000.0,421141000.0,-363967000.0,-9297000.0,,-378467000.0,-204603000.0,-49492000.0,1241027000.0,986932000.0,1027911000,2019-03-29,451.4700012207031,453.8500061035156,444.9599914550781,453.1600036621094,434.9767761230469,524400.0
2019-06-30,1384977000.0,-698179000.0,686798000.0,-391857000.0,-391857000.0,,,294941000.0,-100605000.0,-112785000.0,194336000,-3160000.0,191176000,-47324000.0,143852000,,143527000,143527000,1630748000.0,752680000.0,,2988501000.0,10992740000.0,,8905264000.0,19898004000.0,22886505000,1113363000.0,373724000.0,1884405000.0,10367694000.0,12252871000.0,14137276000,12450699000.0,-144725000.0,1145580000.0,8749229000.0,22886505000,143852000.0,319224000.0,71214000.0,8633000.0,-42370000.0,,7476000.0,43527000.0,542923000.0,-444171000.0,-11490000.0,-34143000.0,-523092000.0,-208449000.0,-179832000.0,348121000.0,-40160000.0,-18223000,2019-06-28,498.75,504.6900024414063,496.3599853515625,504.2900085449219,486.548095703125,551000.0
2019-09-30,1396810000.0,-704339000.0,692471000.0,-403386000.0,-403386000.0,,,289085000.0,-107045000.0,-110473000.0,182040000,-3402000.0,178638000,-57827000.0,120811000,,120850000,120850000,1421967000.0,746571000.0,,2853257000.0,11229197000.0,,8759879000.0,19989076000.0,22842333000,1090640000.0,371255000.0,1836483000.0,10352006000.0,12244819000.0,14081302000,12635536000.0,-144301000.0,1266430000.0,8761031000.0,22842333000,120811000.0,321891000.0,70153000.0,-13861000.0,3331000.0,,10647000.0,-27839000.0,498994000.0,-556705000.0,-2905000.0,0.0,-576462000.0,-212752000.0,-37257000.0,123846000.0,-126163000.0,-217159000,2019-09-30,578.719970703125,582.22998046875,574.2899780273438,576.7999877929688,558.9814453125,301000.0
2019-12-31,1417135000.0,-725636000.0,691499000.0,-406060000.0,-406060000.0,,,285439000.0,-97749000.0,-110085000.0,187690000,-25223000.0,162467000,-37632000.0,124835000,,124995000,124995000,1879939000.0,689134000.0,,2872616000.0,12152597000.0,,8940402000.0,21092999000.0,23965615000,1062253000.0,720827000.0,2157863000.0,9599107000.0,12967370000.0,15125233000,12696519000.0,-144256000.0,-2777044000.0,8840382000.0,23965615000,124835000.0,330544000.0,75999000.0,-1708000.0,96480000.0,,-34588000.0,-63600000.0,529670000.0,-525058000.0,3169000.0,0.0,-466546000.0,-210360000.0,710503000.0,-52018000.0,381473000.0,466480000,2019-12-31,580.5399780273438,583.9099731445312,578.3599853515625,583.7000122070312,568.1722412109375,292700.0
2020-03-31,1444542000.0,-736282000.0,708260000.0,-442047000.0,-442047000.0,,,266213000.0,-97895000.0,-103065000.0,168318000,-19170000.0,149148000,-30191000.0,118957000,,118792000,118792000,1197172000.0,687153000.0,,2320109000.0,12177044000.0,,9093545000.0,21270589000.0,23590698000,1034718000.0,374874000.0,1838473000.0,11212885000.0,13082931000.0,14921404000,12893541000.0,-127298000.0,1509317000.0,8669294000.0,23590698000,118957000.0,335869000.0,84017000.0,-22013000.0,15306000.0,,-25681000.0,-11638000.0,516830000.0,-437314000.0,-38940000.0,-478287000.0,-954541000.0,-233479000.0,-131189000.0,132183000.0,-237104000.0,-700102000,2020-03-31,640.0,644.9299926757812,611.0599975585938,624.5700073242188,610.4729614257812,1135000.0
2020-06-30,1470121000.0,-739344000.0,730777000.0,-435014000.0,-435014000.0,,,295763000.0,-102517000.0,-106795000.0,193246000,-15143000.0,178103000,-44753000.0,133350000,,133304000,133304000,4807119000.0,691589000.0,,5981417000.0,12663827000.0,,9147386000.0,21811213000.0,27792630000,1080530000.0,2303357000.0,3855771000.0,11681114000.0,13548601000.0,17404372000,14652033000.0,-127042000.0,1642621000.0,10388258000.0,27792630000,133350000.0,348593000.0,95546000.0,-2803000.0,-29539000.0,,117000.0,26619000.0,574686000.0,-528142000.0,-1341000.0,39000.0,-529444000.0,-236008000.0,2142145000.0,1683106000.0,3562977000.0,3620630000,2020-06-30,698.5,704.9299926757812,690.489990234375,702.2999877929688,689.2162475585938,470000.0
